date,time,phase,phaseid,datetime,timestamp,friendlydate
01/02/2003,12:23 PM,New Moon,1,2003-01-02 12:23:00,1041538980,"January 2, 2003"
01/10/2003,05:15 AM,First Quarter,2,2003-01-10 05:15:00,1042204500,"January 10, 2003"
01/18/2003,02:48 AM,Full Moon,3,2003-01-18 02:48:00,1042886880,"January 18, 2003"
01/25/2003,12:33 AM,Last Quarter,4,2003-01-25 00:33:00,1043483580,"January 25, 2003"
02/01/2003,02:48 AM,New Moon,1,2003-02-01 02:48:00,1044096480,"February 1, 2003"
02/09/2003,03:11 AM,First Quarter,2,2003-02-09 03:11:00,1044789060,"February 9, 2003"
02/16/2003,03:51 PM,Full Moon,3,2003-02-16 15:51:00,1045439460,"February 16, 2003"
02/23/2003,08:46 AM,Last Quarter,4,2003-02-23 08:46:00,1046018760,"February 23, 2003"
03/02/2003,06:35 PM,New Moon,1,2003-03-02 18:35:00,1046658900,"March 2, 2003"
03/10/2003,11:15 PM,First Quarter,2,2003-03-10 23:15:00,1047366900,"March 10, 2003"
03/18/2003,02:35 AM,Full Moon,3,2003-03-18 02:35:00,1047983700,"March 18, 2003"
03/24/2003,05:51 PM,Last Quarter,4,2003-03-24 17:51:00,1048557060,"March 24, 2003"
04/01/2003,11:19 AM,New Moon,1,2003-04-01 11:19:00,1049224740,"April 1, 2003"
04/09/2003,04:40 PM,First Quarter,2,2003-04-09 16:40:00,1049931600,"April 9, 2003"
04/16/2003,12:36 PM,Full Moon,3,2003-04-16 12:36:00,1050521760,"April 16, 2003"
04/23/2003,05:18 AM,Last Quarter,4,2003-04-23 05:18:00,1051100280,"April 23, 2003"
05/01/2003,05:15 AM,New Moon,1,2003-05-01 05:15:00,1051791300,"May 1, 2003"
05/09/2003,04:53 AM,First Quarter,2,2003-05-09 04:53:00,1052481180,"May 9, 2003"
05/15/2003,08:36 PM,Full Moon,3,2003-05-15 20:36:00,1053056160,"May 15, 2003"
05/22/2003,05:31 PM,Last Quarter,4,2003-05-22 17:31:00,1053649860,"May 22, 2003"
05/30/2003,09:20 PM,New Moon,1,2003-05-30 21:20:00,1054354800,"May 30, 2003"
06/07/2003,01:28 PM,First Quarter,2,2003-06-07 13:28:00,1055017680,"June 7, 2003"
06/14/2003,04:16 AM,Full Moon,3,2003-06-14 04:16:00,1055589360,"June 14, 2003"
06/21/2003,07:45 AM,Last Quarter,4,2003-06-21 07:45:00,1056206700,"June 21, 2003"
06/29/2003,11:39 AM,New Moon,1,2003-06-29 11:39:00,1056911940,"June 29, 2003"
07/06/2003,07:32 PM,First Quarter,2,2003-07-06 19:32:00,1057545120,"July 6, 2003"
07/13/2003,12:21 PM,Full Moon,3,2003-07-13 12:21:00,1058124060,"July 13, 2003"
07/21/2003,12:01 AM,Last Quarter,4,2003-07-21 00:01:00,1058770860,"July 21, 2003"
07/28/2003,11:53 PM,New Moon,1,2003-07-28 23:53:00,1059461580,"July 28, 2003"
08/05/2003,12:28 AM,First Quarter,2,2003-08-05 00:28:00,1060068480,"August 5, 2003"
08/11/2003,09:48 PM,Full Moon,3,2003-08-11 21:48:00,1060663680,"August 11, 2003"
08/19/2003,05:48 PM,Last Quarter,4,2003-08-19 17:48:00,1061340480,"August 19, 2003"
08/27/2003,10:26 AM,New Moon,1,2003-08-27 10:26:00,1062005160,"August 27, 2003"
09/03/2003,05:34 AM,First Quarter,2,2003-09-03 05:34:00,1062592440,"September 3, 2003"
09/10/2003,09:36 AM,Full Moon,3,2003-09-10 09:36:00,1063211760,"September 10, 2003"
09/18/2003,12:03 PM,Last Quarter,4,2003-09-18 12:03:00,1063911780,"September 18, 2003"
09/25/2003,08:09 PM,New Moon,1,2003-09-25 20:09:00,1064545740,"September 25, 2003"
10/02/2003,12:09 PM,First Quarter,2,2003-10-02 12:09:00,1065121740,"October 2, 2003"
10/10/2003,12:27 AM,Full Moon,3,2003-10-10 00:27:00,1065770820,"October 10, 2003"
10/18/2003,05:31 AM,Last Quarter,4,2003-10-18 05:31:00,1066480260,"October 18, 2003"
10/25/2003,05:50 AM,New Moon,1,2003-10-25 05:50:00,1067086200,"October 25, 2003"
10/31/2003,08:25 PM,First Quarter,2,2003-10-31 20:25:00,1067660700,"October 31, 2003"
11/08/2003,05:13 PM,Full Moon,3,2003-11-08 17:13:00,1068340380,"November 8, 2003"
11/16/2003,08:15 PM,Last Quarter,4,2003-11-16 20:15:00,1069042500,"November 16, 2003"
11/23/2003,02:59 PM,New Moon,1,2003-11-23 14:59:00,1069628340,"November 23, 2003"
11/30/2003,09:16 AM,First Quarter,2,2003-11-30 09:16:00,1070212560,"November 30, 2003"
12/08/2003,12:37 PM,Full Moon,3,2003-12-08 12:37:00,1070915820,"December 8, 2003"
12/16/2003,09:42 AM,Last Quarter,4,2003-12-16 09:42:00,1071596520,"December 16, 2003"
12/23/2003,01:43 AM,New Moon,1,2003-12-23 01:43:00,1072172580,"December 23, 2003"
12/30/2003,02:03 AM,First Quarter,2,2003-12-30 02:03:00,1072778580,"December 30, 2003"
01/07/2004,07:40 AM,Full Moon,3,2004-01-07 07:40:00,1073490000,"January 7, 2004"
01/14/2004,08:46 PM,Last Quarter,4,2004-01-14 20:46:00,1074141960,"January 14, 2004"
01/21/2004,01:05 PM,New Moon,1,2004-01-21 13:05:00,1074719100,"January 21, 2004"
01/28/2004,10:03 PM,First Quarter,2,2004-01-28 22:03:00,1075356180,"January 28, 2004"
02/06/2004,12:47 AM,Full Moon,3,2004-02-06 00:47:00,1076057220,"February 6, 2004"
02/13/2004,05:40 AM,Last Quarter,4,2004-02-13 05:40:00,1076679600,"February 13, 2004"
02/20/2004,01:18 AM,New Moon,1,2004-02-20 01:18:00,1077268680,"February 20, 2004"
02/27/2004,07:24 PM,First Quarter,2,2004-02-27 19:24:00,1077938640,"February 27, 2004"
03/06/2004,03:14 PM,Full Moon,3,2004-03-06 15:14:00,1078614840,"March 6, 2004"
03/13/2004,01:01 PM,Last Quarter,4,2004-03-13 13:01:00,1079211660,"March 13, 2004"
03/20/2004,02:41 PM,New Moon,1,2004-03-20 14:41:00,1079822460,"March 20, 2004"
03/28/2004,03:48 PM,First Quarter,2,2004-03-28 15:48:00,1080517680,"March 28, 2004"
04/05/2004,04:03 AM,Full Moon,3,2004-04-05 04:03:00,1081162980,"April 5, 2004"
04/11/2004,08:46 PM,Last Quarter,4,2004-04-11 20:46:00,1081741560,"April 11, 2004"
04/19/2004,06:21 AM,New Moon,1,2004-04-19 06:21:00,1082380860,"April 19, 2004"
04/27/2004,10:32 AM,First Quarter,2,2004-04-27 10:32:00,1083087120,"April 27, 2004"
05/04/2004,01:33 PM,Full Moon,3,2004-05-04 13:33:00,1083702780,"May 4, 2004"
05/11/2004,04:04 AM,Last Quarter,4,2004-05-11 04:04:00,1084273440,"May 11, 2004"
05/18/2004,09:52 PM,New Moon,1,2004-05-18 21:52:00,1084942320,"May 18, 2004"
05/27/2004,12:57 AM,First Quarter,2,2004-05-27 00:57:00,1085644620,"May 27, 2004"
06/02/2004,09:20 PM,Full Moon,3,2004-06-02 21:20:00,1086236400,"June 2, 2004"
06/09/2004,01:02 PM,Last Quarter,4,2004-06-09 13:02:00,1086811320,"June 9, 2004"
06/17/2004,01:27 PM,New Moon,1,2004-06-17 13:27:00,1087504020,"June 17, 2004"
06/25/2004,12:08 PM,First Quarter,2,2004-06-25 12:08:00,1088190480,"June 25, 2004"
07/02/2004,04:09 AM,Full Moon,3,2004-07-02 04:09:00,1088766540,"July 2, 2004"
07/09/2004,12:34 AM,Last Quarter,4,2004-07-09 00:34:00,1089358440,"July 9, 2004"
07/17/2004,04:24 AM,New Moon,1,2004-07-17 04:24:00,1090063440,"July 17, 2004"
07/24/2004,08:37 PM,First Quarter,2,2004-07-24 20:37:00,1090726620,"July 24, 2004"
07/31/2004,11:05 AM,Full Moon,3,2004-07-31 11:05:00,1091297100,"July 31, 2004"
08/07/2004,03:01 PM,Last Quarter,4,2004-08-07 15:01:00,1091916060,"August 7, 2004"
08/15/2004,06:24 PM,New Moon,1,2004-08-15 18:24:00,1092619440,"August 15, 2004"
08/23/2004,03:12 AM,First Quarter,2,2004-08-23 03:12:00,1093255920,"August 23, 2004"
08/29/2004,07:22 PM,Full Moon,3,2004-08-29 19:22:00,1093832520,"August 29, 2004"
09/06/2004,08:11 AM,Last Quarter,4,2004-09-06 08:11:00,1094483460,"September 6, 2004"
09/14/2004,07:29 AM,New Moon,1,2004-09-14 07:29:00,1095172140,"September 14, 2004"
09/21/2004,08:54 AM,First Quarter,2,2004-09-21 08:54:00,1095782040,"September 21, 2004"
09/28/2004,06:09 AM,Full Moon,3,2004-09-28 06:09:00,1096376940,"September 28, 2004"
10/06/2004,03:12 AM,Last Quarter,4,2004-10-06 03:12:00,1097057520,"October 6, 2004"
10/13/2004,07:48 PM,New Moon,1,2004-10-13 19:48:00,1097722080,"October 13, 2004"
10/20/2004,02:59 PM,First Quarter,2,2004-10-20 14:59:00,1098309540,"October 20, 2004"
10/27/2004,08:07 PM,Full Moon,3,2004-10-27 20:07:00,1098932820,"October 27, 2004"
11/04/2004,09:53 PM,Last Quarter,4,2004-11-04 21:53:00,1099633980,"November 4, 2004"
11/12/2004,06:27 AM,New Moon,1,2004-11-12 06:27:00,1100269620,"November 12, 2004"
11/18/2004,09:50 PM,First Quarter,2,2004-11-18 21:50:00,1100843400,"November 18, 2004"
11/26/2004,12:07 PM,Full Moon,3,2004-11-26 12:07:00,1101499620,"November 26, 2004"
12/04/2004,04:53 PM,Last Quarter,4,2004-12-04 16:53:00,1102207980,"December 4, 2004"
12/11/2004,05:29 PM,New Moon,1,2004-12-11 17:29:00,1102814940,"December 11, 2004"
12/18/2004,08:40 AM,First Quarter,2,2004-12-18 08:40:00,1103388000,"December 18, 2004"
12/26/2004,07:06 AM,Full Moon,3,2004-12-26 07:06:00,1104073560,"December 26, 2004"
01/03/2005,09:46 AM,Last Quarter,4,2005-01-03 09:46:00,1104774360,"January 3, 2005"
01/10/2005,04:03 AM,New Moon,1,2005-01-10 04:03:00,1105358580,"January 10, 2005"
01/16/2005,10:57 PM,First Quarter,2,2005-01-16 22:57:00,1105945020,"January 16, 2005"
01/25/2005,02:32 AM,Full Moon,3,2005-01-25 02:32:00,1106649120,"January 25, 2005"
02/01/2005,11:27 PM,Last Quarter,4,2005-02-01 23:27:00,1107329220,"February 1, 2005"
02/08/2005,02:28 PM,New Moon,1,2005-02-08 14:28:00,1107901680,"February 8, 2005"
02/15/2005,04:16 PM,First Quarter,2,2005-02-15 16:16:00,1108512960,"February 15, 2005"
02/23/2005,08:54 PM,Full Moon,3,2005-02-23 20:54:00,1109220840,"February 23, 2005"
03/03/2005,09:36 AM,Last Quarter,4,2005-03-03 09:36:00,1109871360,"March 3, 2005"
03/10/2005,01:10 AM,New Moon,1,2005-03-10 01:10:00,1110445800,"March 10, 2005"
03/17/2005,11:19 AM,First Quarter,2,2005-03-17 11:19:00,1111087140,"March 17, 2005"
03/25/2005,12:58 PM,Full Moon,3,2005-03-25 12:58:00,1111784280,"March 25, 2005"
04/01/2005,04:50 PM,Last Quarter,4,2005-04-01 16:50:00,1112403000,"April 1, 2005"
04/08/2005,01:32 PM,New Moon,1,2005-04-08 13:32:00,1112992320,"April 8, 2005"
04/16/2005,07:37 AM,First Quarter,2,2005-04-16 07:37:00,1113662220,"April 16, 2005"
04/24/2005,03:06 AM,Full Moon,3,2005-04-24 03:06:00,1114337160,"April 24, 2005"
04/30/2005,11:24 PM,Last Quarter,4,2005-04-30 23:24:00,1114928640,"April 30, 2005"
05/08/2005,01:45 AM,New Moon,1,2005-05-08 01:45:00,1115541900,"May 8, 2005"
05/16/2005,01:57 AM,First Quarter,2,2005-05-16 01:57:00,1116233820,"May 16, 2005"
05/23/2005,01:18 PM,Full Moon,3,2005-05-23 13:18:00,1116879480,"May 23, 2005"
05/30/2005,04:47 AM,Last Quarter,4,2005-05-30 04:47:00,1117453620,"May 30, 2005"
06/06/2005,02:55 PM,New Moon,1,2005-06-06 14:55:00,1118094900,"June 6, 2005"
06/14/2005,06:22 PM,First Quarter,2,2005-06-14 18:22:00,1118798520,"June 14, 2005"
06/21/2005,09:14 PM,Full Moon,3,2005-06-21 21:14:00,1119413640,"June 21, 2005"
06/28/2005,11:23 AM,Last Quarter,4,2005-06-28 11:23:00,1119982980,"June 28, 2005"
07/06/2005,05:02 AM,New Moon,1,2005-07-06 05:02:00,1120651320,"July 6, 2005"
07/14/2005,08:20 AM,First Quarter,2,2005-07-14 08:20:00,1121354400,"July 14, 2005"
07/21/2005,04:00 AM,Full Moon,3,2005-07-21 04:00:00,1121943600,"July 21, 2005"
07/27/2005,08:20 PM,Last Quarter,4,2005-07-27 20:20:00,1122520800,"July 27, 2005"
08/04/2005,08:05 PM,New Moon,1,2005-08-04 20:05:00,1123211100,"August 4, 2005"
08/12/2005,07:39 PM,First Quarter,2,2005-08-12 19:39:00,1123900740,"August 12, 2005"
08/19/2005,10:53 AM,Full Moon,3,2005-08-19 10:53:00,1124473980,"August 19, 2005"
08/26/2005,08:18 AM,Last Quarter,4,2005-08-26 08:18:00,1125069480,"August 26, 2005"
09/03/2005,11:45 AM,New Moon,1,2005-09-03 11:45:00,1125773100,"September 3, 2005"
09/11/2005,04:37 AM,First Quarter,2,2005-09-11 04:37:00,1126438620,"September 11, 2005"
09/17/2005,07:01 PM,Full Moon,3,2005-09-17 19:01:00,1127008860,"September 17, 2005"
09/24/2005,11:41 PM,Last Quarter,4,2005-09-24 23:41:00,1127630460,"September 24, 2005"
10/03/2005,03:28 AM,New Moon,1,2005-10-03 03:28:00,1128335280,"October 3, 2005"
10/10/2005,12:01 PM,First Quarter,2,2005-10-10 12:01:00,1128970860,"October 10, 2005"
10/17/2005,05:14 AM,Full Moon,3,2005-10-17 05:14:00,1129551240,"October 17, 2005"
10/24/2005,06:17 PM,Last Quarter,4,2005-10-24 18:17:00,1130203020,"October 24, 2005"
11/01/2005,05:25 PM,New Moon,1,2005-11-01 17:25:00,1130894700,"November 1, 2005"
11/08/2005,05:57 PM,First Quarter,2,2005-11-08 17:57:00,1131501420,"November 8, 2005"
11/15/2005,04:58 PM,Full Moon,3,2005-11-15 16:58:00,1132102680,"November 15, 2005"
11/23/2005,02:11 PM,Last Quarter,4,2005-11-23 14:11:00,1132783860,"November 23, 2005"
12/01/2005,07:01 AM,New Moon,1,2005-12-01 07:01:00,1133449260,"December 1, 2005"
12/08/2005,01:36 AM,First Quarter,2,2005-12-08 01:36:00,1134034560,"December 8, 2005"
12/15/2005,08:16 AM,Full Moon,3,2005-12-15 08:16:00,1134663360,"December 15, 2005"
12/23/2005,11:36 AM,Last Quarter,4,2005-12-23 11:36:00,1135366560,"December 23, 2005"
12/30/2005,07:12 PM,New Moon,1,2005-12-30 19:12:00,1135998720,"December 30, 2005"
01/06/2006,10:56 AM,First Quarter,2,2006-01-06 10:56:00,1136573760,"January 6, 2006"
01/14/2006,01:48 AM,Full Moon,3,2006-01-14 01:48:00,1137232080,"January 14, 2006"
01/22/2006,07:14 AM,Last Quarter,4,2006-01-22 07:14:00,1137942840,"January 22, 2006"
01/29/2006,06:15 AM,New Moon,1,2006-01-29 06:15:00,1138544100,"January 29, 2006"
02/04/2006,10:29 PM,First Quarter,2,2006-02-04 22:29:00,1139120940,"February 4, 2006"
02/12/2006,08:44 PM,Full Moon,3,2006-02-12 20:44:00,1139805840,"February 12, 2006"
02/20/2006,11:17 PM,Last Quarter,4,2006-02-20 23:17:00,1140506220,"February 20, 2006"
02/27/2006,04:31 PM,New Moon,1,2006-02-27 16:31:00,1141086660,"February 27, 2006"
03/06/2006,12:16 PM,First Quarter,2,2006-03-06 12:16:00,1141676160,"March 6, 2006"
03/14/2006,03:35 PM,Full Moon,3,2006-03-14 15:35:00,1142379300,"March 14, 2006"
03/22/2006,11:10 AM,Last Quarter,4,2006-03-22 11:10:00,1143054600,"March 22, 2006"
03/29/2006,02:15 AM,New Moon,1,2006-03-29 02:15:00,1143627300,"March 29, 2006"
04/05/2006,05:01 AM,First Quarter,2,2006-04-05 05:01:00,1144238460,"April 5, 2006"
04/13/2006,09:40 AM,Full Moon,3,2006-04-13 09:40:00,1144946400,"April 13, 2006"
04/20/2006,08:28 PM,Last Quarter,4,2006-04-20 20:28:00,1145590080,"April 20, 2006"
04/27/2006,12:44 PM,New Moon,1,2006-04-27 12:44:00,1146167040,"April 27, 2006"
05/04/2006,10:13 PM,First Quarter,2,2006-05-04 22:13:00,1146805980,"May 4, 2006"
05/12/2006,11:51 PM,Full Moon,3,2006-05-12 23:51:00,1147503060,"May 12, 2006"
05/20/2006,02:21 AM,Last Quarter,4,2006-05-20 02:21:00,1148116860,"May 20, 2006"
05/26/2006,10:26 PM,New Moon,1,2006-05-26 22:26:00,1148707560,"May 26, 2006"
06/03/2006,04:06 PM,First Quarter,2,2006-06-03 16:06:00,1149375960,"June 3, 2006"
06/11/2006,11:03 AM,Full Moon,3,2006-06-11 11:03:00,1150048980,"June 11, 2006"
06/18/2006,07:08 AM,Last Quarter,4,2006-06-18 07:08:00,1150639680,"June 18, 2006"
06/25/2006,09:05 AM,New Moon,1,2006-06-25 09:05:00,1151251500,"June 25, 2006"
07/03/2006,09:37 AM,First Quarter,2,2006-07-03 09:37:00,1151944620,"July 3, 2006"
07/10/2006,08:02 PM,Full Moon,3,2006-07-10 20:02:00,1152586920,"July 10, 2006"
07/17/2006,12:13 PM,Last Quarter,4,2006-07-17 12:13:00,1153163580,"July 17, 2006"
07/24/2006,09:31 PM,New Moon,1,2006-07-24 21:31:00,1153801860,"July 24, 2006"
08/02/2006,01:46 AM,First Quarter,2,2006-08-02 01:46:00,1154508360,"August 2, 2006"
08/09/2006,03:54 AM,Full Moon,3,2006-08-09 03:54:00,1155120840,"August 9, 2006"
08/15/2006,06:51 PM,Last Quarter,4,2006-08-15 18:51:00,1155693060,"August 15, 2006"
08/23/2006,12:10 PM,New Moon,1,2006-08-23 12:10:00,1156360200,"August 23, 2006"
08/31/2006,03:56 PM,First Quarter,2,2006-08-31 15:56:00,1157064960,"August 31, 2006"
09/07/2006,11:42 AM,Full Moon,3,2006-09-07 11:42:00,1157654520,"September 7, 2006"
09/14/2006,04:15 AM,Last Quarter,4,2006-09-14 04:15:00,1158232500,"September 14, 2006"
09/22/2006,04:45 AM,New Moon,1,2006-09-22 04:45:00,1158925500,"September 22, 2006"
09/30/2006,04:04 AM,First Quarter,2,2006-09-30 04:04:00,1159614240,"September 30, 2006"
10/06/2006,08:13 PM,Full Moon,3,2006-10-06 20:13:00,1160190780,"October 6, 2006"
10/13/2006,05:26 PM,Last Quarter,4,2006-10-13 17:26:00,1160785560,"October 13, 2006"
10/21/2006,10:14 PM,New Moon,1,2006-10-21 22:14:00,1161494040,"October 21, 2006"
10/29/2006,01:25 PM,First Quarter,2,2006-10-29 13:25:00,1162157100,"October 29, 2006"
11/05/2006,04:58 AM,Full Moon,3,2006-11-05 04:58:00,1162731480,"November 5, 2006"
11/12/2006,09:45 AM,Last Quarter,4,2006-11-12 09:45:00,1163353500,"November 12, 2006"
11/20/2006,02:18 PM,New Moon,1,2006-11-20 14:18:00,1164061080,"November 20, 2006"
11/27/2006,10:29 PM,First Quarter,2,2006-11-27 22:29:00,1164695340,"November 27, 2006"
12/04/2006,04:25 PM,Full Moon,3,2006-12-04 16:25:00,1165278300,"December 4, 2006"
12/12/2006,06:32 AM,Last Quarter,4,2006-12-12 06:32:00,1165933920,"December 12, 2006"
12/20/2006,06:01 AM,New Moon,1,2006-12-20 06:01:00,1166623260,"December 20, 2006"
12/27/2006,06:48 AM,First Quarter,2,2006-12-27 06:48:00,1167230880,"December 27, 2006"
01/03/2007,05:57 AM,Full Moon,3,2007-01-03 05:57:00,1167832620,"January 3, 2007"
01/11/2007,04:45 AM,Last Quarter,4,2007-01-11 04:45:00,1168519500,"January 11, 2007"
01/18/2007,08:01 PM,New Moon,1,2007-01-18 20:01:00,1169179260,"January 18, 2007"
01/25/2007,03:01 PM,First Quarter,2,2007-01-25 15:01:00,1169766060,"January 25, 2007"
02/01/2007,09:45 PM,Full Moon,3,2007-02-01 21:45:00,1170395100,"February 1, 2007"
02/10/2007,01:51 AM,Last Quarter,4,2007-02-10 01:51:00,1171101060,"February 10, 2007"
02/17/2007,08:14 AM,New Moon,1,2007-02-17 08:14:00,1171728840,"February 17, 2007"
02/23/2007,11:56 PM,First Quarter,2,2007-02-23 23:56:00,1172303760,"February 23, 2007"
03/03/2007,03:17 PM,Full Moon,3,2007-03-03 15:17:00,1172963820,"March 3, 2007"
03/11/2007,08:54 PM,Last Quarter,4,2007-03-11 20:54:00,1173671640,"March 11, 2007"
03/18/2007,07:43 PM,New Moon,1,2007-03-18 19:43:00,1174272180,"March 18, 2007"
03/25/2007,11:16 AM,First Quarter,2,2007-03-25 11:16:00,1174846560,"March 25, 2007"
04/02/2007,10:15 AM,Full Moon,3,2007-04-02 10:15:00,1175534100,"April 2, 2007"
04/10/2007,11:04 AM,Last Quarter,4,2007-04-10 11:04:00,1176228240,"April 10, 2007"
04/17/2007,04:36 AM,New Moon,1,2007-04-17 04:36:00,1176809760,"April 17, 2007"
04/23/2007,11:35 PM,First Quarter,2,2007-04-23 23:35:00,1177396500,"April 23, 2007"
05/02/2007,03:09 AM,Full Moon,3,2007-05-02 03:09:00,1178100540,"May 2, 2007"
05/09/2007,09:27 PM,Last Quarter,4,2007-05-09 21:27:00,1178771220,"May 9, 2007"
05/16/2007,12:27 PM,New Moon,1,2007-05-16 12:27:00,1179343620,"May 16, 2007"
05/23/2007,02:02 PM,First Quarter,2,2007-05-23 14:02:00,1179954120,"May 23, 2007"
05/31/2007,06:04 PM,Full Moon,3,2007-05-31 18:04:00,1180659840,"May 31, 2007"
06/08/2007,04:43 AM,Last Quarter,4,2007-06-08 04:43:00,1181302980,"June 8, 2007"
06/14/2007,08:13 PM,New Moon,1,2007-06-14 20:13:00,1181877180,"June 14, 2007"
06/22/2007,06:15 AM,First Quarter,2,2007-06-22 06:15:00,1182518100,"June 22, 2007"
06/30/2007,06:49 AM,Full Moon,3,2007-06-30 06:49:00,1183211340,"June 30, 2007"
07/07/2007,09:54 AM,Last Quarter,4,2007-07-07 09:54:00,1183827240,"July 7, 2007"
07/14/2007,05:04 AM,New Moon,1,2007-07-14 05:04:00,1184414640,"July 14, 2007"
07/21/2007,11:29 PM,First Quarter,2,2007-07-21 23:29:00,1185085740,"July 21, 2007"
07/29/2007,05:48 PM,Full Moon,3,2007-07-29 17:48:00,1185756480,"July 29, 2007"
08/05/2007,02:20 PM,Last Quarter,4,2007-08-05 14:20:00,1186348800,"August 5, 2007"
08/12/2007,04:02 PM,New Moon,1,2007-08-12 16:02:00,1186959720,"August 12, 2007"
08/20/2007,04:54 PM,First Quarter,2,2007-08-20 16:54:00,1187654040,"August 20, 2007"
08/28/2007,03:35 AM,Full Moon,3,2007-08-28 03:35:00,1188297300,"August 28, 2007"
09/03/2007,07:32 PM,Last Quarter,4,2007-09-03 19:32:00,1188873120,"September 3, 2007"
09/11/2007,05:44 AM,New Moon,1,2007-09-11 05:44:00,1189514640,"September 11, 2007"
09/19/2007,09:48 AM,First Quarter,2,2007-09-19 09:48:00,1190220480,"September 19, 2007"
09/26/2007,12:45 PM,Full Moon,3,2007-09-26 12:45:00,1190835900,"September 26, 2007"
10/03/2007,03:06 AM,Last Quarter,4,2007-10-03 03:06:00,1191405960,"October 3, 2007"
10/10/2007,10:01 PM,New Moon,1,2007-10-10 22:01:00,1192078860,"October 10, 2007"
10/19/2007,01:33 AM,First Quarter,2,2007-10-19 01:33:00,1192782780,"October 19, 2007"
10/25/2007,09:52 PM,Full Moon,3,2007-10-25 21:52:00,1193374320,"October 25, 2007"
11/01/2007,02:18 PM,Last Quarter,4,2007-11-01 14:18:00,1193951880,"November 1, 2007"
11/09/2007,03:03 PM,New Moon,1,2007-11-09 15:03:00,1194649380,"November 9, 2007"
11/17/2007,02:33 PM,First Quarter,2,2007-11-17 14:33:00,1195338780,"November 17, 2007"
11/24/2007,06:30 AM,Full Moon,3,2007-11-24 06:30:00,1195914600,"November 24, 2007"
12/01/2007,04:44 AM,Last Quarter,4,2007-12-01 04:44:00,1196513040,"December 1, 2007"
12/09/2007,09:40 AM,New Moon,1,2007-12-09 09:40:00,1197222000,"December 9, 2007"
12/17/2007,02:17 AM,First Quarter,2,2007-12-17 02:17:00,1197886620,"December 17, 2007"
12/23/2007,05:16 PM,Full Moon,3,2007-12-23 17:16:00,1198458960,"December 23, 2007"
12/30/2007,11:51 PM,Last Quarter,4,2007-12-30 23:51:00,1199087460,"December 30, 2007"
01/08/2008,03:37 AM,New Moon,1,2008-01-08 03:37:00,1199792220,"January 8, 2008"
01/15/2008,11:46 AM,First Quarter,2,2008-01-15 11:46:00,1200426360,"January 15, 2008"
01/22/2008,05:35 AM,Full Moon,3,2008-01-22 05:35:00,1201008900,"January 22, 2008"
01/29/2008,09:03 PM,Last Quarter,4,2008-01-29 21:03:00,1201669380,"January 29, 2008"
02/06/2008,07:44 PM,New Moon,1,2008-02-06 19:44:00,1202355840,"February 6, 2008"
02/13/2008,07:33 PM,First Quarter,2,2008-02-13 19:33:00,1202959980,"February 13, 2008"
02/20/2008,07:30 PM,Full Moon,3,2008-02-20 19:30:00,1203564600,"February 20, 2008"
02/28/2008,06:18 PM,Last Quarter,4,2008-02-28 18:18:00,1204251480,"February 28, 2008"
03/07/2008,09:14 AM,New Moon,1,2008-03-07 09:14:00,1204910040,"March 7, 2008"
03/14/2008,03:46 AM,First Quarter,2,2008-03-14 03:46:00,1205491560,"March 14, 2008"
03/21/2008,11:40 AM,Full Moon,3,2008-03-21 11:40:00,1206124800,"March 21, 2008"
03/29/2008,02:47 PM,Last Quarter,4,2008-03-29 14:47:00,1206827220,"March 29, 2008"
04/05/2008,08:55 PM,New Moon,1,2008-04-05 20:55:00,1207454100,"April 5, 2008"
04/12/2008,11:32 AM,First Quarter,2,2008-04-12 11:32:00,1208025120,"April 12, 2008"
04/20/2008,03:25 AM,Full Moon,3,2008-04-20 03:25:00,1208687100,"April 20, 2008"
04/28/2008,07:12 AM,Last Quarter,4,2008-04-28 07:12:00,1209391920,"April 28, 2008"
05/05/2008,05:18 AM,New Moon,1,2008-05-05 05:18:00,1209989880,"May 5, 2008"
05/11/2008,08:47 PM,First Quarter,2,2008-05-11 20:47:00,1210564020,"May 11, 2008"
05/19/2008,07:11 PM,Full Moon,3,2008-05-19 19:11:00,1211249460,"May 19, 2008"
05/27/2008,07:57 PM,Last Quarter,4,2008-05-27 19:57:00,1211943420,"May 27, 2008"
06/03/2008,12:23 PM,New Moon,1,2008-06-03 12:23:00,1212520980,"June 3, 2008"
06/10/2008,08:04 AM,First Quarter,2,2008-06-10 08:04:00,1213110240,"June 10, 2008"
06/18/2008,10:30 AM,Full Moon,3,2008-06-18 10:30:00,1213810200,"June 18, 2008"
06/26/2008,05:10 AM,Last Quarter,4,2008-06-26 05:10:00,1214482200,"June 26, 2008"
07/02/2008,07:19 PM,New Moon,1,2008-07-02 19:19:00,1215051540,"July 2, 2008"
07/09/2008,09:35 PM,First Quarter,2,2008-07-09 21:35:00,1215664500,"July 9, 2008"
07/18/2008,12:59 AM,Full Moon,3,2008-07-18 00:59:00,1216367940,"July 18, 2008"
07/25/2008,11:42 AM,Last Quarter,4,2008-07-25 11:42:00,1217011320,"July 25, 2008"
08/01/2008,03:13 AM,New Moon,1,2008-08-01 03:13:00,1217585580,"August 1, 2008"
08/08/2008,01:20 PM,First Quarter,2,2008-08-08 13:20:00,1218226800,"August 8, 2008"
08/16/2008,02:16 PM,Full Moon,3,2008-08-16 14:16:00,1218921360,"August 16, 2008"
08/23/2008,04:50 PM,Last Quarter,4,2008-08-23 16:50:00,1219535400,"August 23, 2008"
08/30/2008,12:58 PM,New Moon,1,2008-08-30 12:58:00,1220126280,"August 30, 2008"
09/07/2008,07:04 AM,First Quarter,2,2008-09-07 07:04:00,1220796240,"September 7, 2008"
09/15/2008,02:13 AM,Full Moon,3,2008-09-15 02:13:00,1221469980,"September 15, 2008"
09/21/2008,10:04 PM,Last Quarter,4,2008-09-21 22:04:00,1222059840,"September 21, 2008"
09/29/2008,01:12 AM,New Moon,1,2008-09-29 01:12:00,1222675920,"September 29, 2008"
10/07/2008,02:04 AM,First Quarter,2,2008-10-07 02:04:00,1223370240,"October 7, 2008"
10/14/2008,01:02 PM,Full Moon,3,2008-10-14 13:02:00,1224014520,"October 14, 2008"
10/21/2008,04:55 AM,Last Quarter,4,2008-10-21 04:55:00,1224590100,"October 21, 2008"
10/28/2008,04:14 PM,New Moon,1,2008-10-28 16:14:00,1225235640,"October 28, 2008"
11/05/2008,08:03 PM,First Quarter,2,2008-11-05 20:03:00,1225944180,"November 5, 2008"
11/12/2008,10:17 PM,Full Moon,3,2008-11-12 22:17:00,1226557020,"November 12, 2008"
11/19/2008,01:31 PM,Last Quarter,4,2008-11-19 13:31:00,1227130260,"November 19, 2008"
11/27/2008,08:55 AM,New Moon,1,2008-11-27 08:55:00,1227804900,"November 27, 2008"
12/05/2008,01:26 PM,First Quarter,2,2008-12-05 13:26:00,1228512360,"December 5, 2008"
12/12/2008,08:37 AM,Full Moon,3,2008-12-12 08:37:00,1229099820,"December 12, 2008"
12/19/2008,02:29 AM,Last Quarter,4,2008-12-19 02:29:00,1229682540,"December 19, 2008"
12/27/2008,04:22 AM,New Moon,1,2008-12-27 04:22:00,1230380520,"December 27, 2008"
01/04/2009,03:56 AM,First Quarter,2,2009-01-04 03:56:00,1231070160,"January 4, 2009"
01/10/2009,07:27 PM,Full Moon,3,2009-01-10 19:27:00,1231644420,"January 10, 2009"
01/17/2009,06:46 PM,Last Quarter,4,2009-01-17 18:46:00,1232246760,"January 17, 2009"
01/25/2009,11:55 PM,New Moon,1,2009-01-25 23:55:00,1232956500,"January 25, 2009"
02/02/2009,03:13 PM,First Quarter,2,2009-02-02 15:13:00,1233616380,"February 2, 2009"
02/09/2009,06:49 AM,Full Moon,3,2009-02-09 06:49:00,1234190940,"February 9, 2009"
02/16/2009,01:37 PM,Last Quarter,4,2009-02-16 13:37:00,1234820220,"February 16, 2009"
02/24/2009,05:35 PM,New Moon,1,2009-02-24 17:35:00,1235525700,"February 24, 2009"
03/03/2009,11:46 PM,First Quarter,2,2009-03-03 23:46:00,1236152760,"March 3, 2009"
03/10/2009,07:38 PM,Full Moon,3,2009-03-10 19:38:00,1236739080,"March 10, 2009"
03/18/2009,10:47 AM,Last Quarter,4,2009-03-18 10:47:00,1237398420,"March 18, 2009"
03/26/2009,09:06 AM,New Moon,1,2009-03-26 09:06:00,1238083560,"March 26, 2009"
04/02/2009,07:34 AM,First Quarter,2,2009-04-02 07:34:00,1238682840,"April 2, 2009"
04/09/2009,07:56 AM,Full Moon,3,2009-04-09 07:56:00,1239288960,"April 9, 2009"
04/17/2009,06:36 AM,Last Quarter,4,2009-04-17 06:36:00,1239975360,"April 17, 2009"
04/24/2009,08:23 PM,New Moon,1,2009-04-24 20:23:00,1240629780,"April 24, 2009"
05/01/2009,01:44 PM,First Quarter,2,2009-05-01 13:44:00,1241210640,"May 1, 2009"
05/08/2009,09:01 PM,Full Moon,3,2009-05-08 21:01:00,1241841660,"May 8, 2009"
05/17/2009,12:26 AM,Last Quarter,4,2009-05-17 00:26:00,1242545160,"May 17, 2009"
05/24/2009,05:11 AM,New Moon,1,2009-05-24 05:11:00,1243167060,"May 24, 2009"
05/30/2009,08:22 PM,First Quarter,2,2009-05-30 20:22:00,1243740120,"May 30, 2009"
06/07/2009,11:12 AM,Full Moon,3,2009-06-07 11:12:00,1244398320,"June 7, 2009"
06/15/2009,03:15 PM,Last Quarter,4,2009-06-15 15:15:00,1245104100,"June 15, 2009"
06/22/2009,12:35 PM,New Moon,1,2009-06-22 12:35:00,1245699300,"June 22, 2009"
06/29/2009,04:28 AM,First Quarter,2,2009-06-29 04:28:00,1246274880,"June 29, 2009"
07/07/2009,02:21 AM,Full Moon,3,2009-07-07 02:21:00,1246958460,"July 7, 2009"
07/15/2009,02:53 AM,Last Quarter,4,2009-07-15 02:53:00,1247651580,"July 15, 2009"
07/21/2009,07:35 PM,New Moon,1,2009-07-21 19:35:00,1248230100,"July 21, 2009"
07/28/2009,03:00 PM,First Quarter,2,2009-07-28 15:00:00,1248818400,"July 28, 2009"
08/05/2009,05:55 PM,Full Moon,3,2009-08-05 17:55:00,1249520100,"August 5, 2009"
08/13/2009,11:55 AM,Last Quarter,4,2009-08-13 11:55:00,1250189700,"August 13, 2009"
08/20/2009,03:02 AM,New Moon,1,2009-08-20 03:02:00,1250762520,"August 20, 2009"
08/27/2009,04:42 AM,First Quarter,2,2009-08-27 04:42:00,1251373320,"August 27, 2009"
09/04/2009,09:03 AM,Full Moon,3,2009-09-04 09:03:00,1252080180,"September 4, 2009"
09/11/2009,07:16 PM,Last Quarter,4,2009-09-11 19:16:00,1252721760,"September 11, 2009"
09/18/2009,11:44 AM,New Moon,1,2009-09-18 11:44:00,1253299440,"September 18, 2009"
09/25/2009,09:50 PM,First Quarter,2,2009-09-25 21:50:00,1253940600,"September 25, 2009"
10/03/2009,11:10 PM,Full Moon,3,2009-10-03 23:10:00,1254636600,"October 3, 2009"
10/11/2009,01:56 AM,Last Quarter,4,2009-10-11 01:56:00,1255251360,"October 11, 2009"
10/17/2009,10:33 PM,New Moon,1,2009-10-17 22:33:00,1255843980,"October 17, 2009"
10/25/2009,05:42 PM,First Quarter,2,2009-10-25 17:42:00,1256517720,"October 25, 2009"
11/02/2009,11:14 AM,Full Moon,3,2009-11-02 11:14:00,1257189240,"November 2, 2009"
11/09/2009,07:56 AM,Last Quarter,4,2009-11-09 07:56:00,1257782160,"November 9, 2009"
11/16/2009,11:14 AM,New Moon,1,2009-11-16 11:14:00,1258398840,"November 16, 2009"
11/24/2009,01:39 PM,First Quarter,2,2009-11-24 13:39:00,1259098740,"November 24, 2009"
12/01/2009,11:30 PM,Full Moon,3,2009-12-01 23:30:00,1259739000,"December 1, 2009"
12/08/2009,04:13 PM,Last Quarter,4,2009-12-08 16:13:00,1260317580,"December 8, 2009"
12/16/2009,04:02 AM,New Moon,1,2009-12-16 04:02:00,1260964920,"December 16, 2009"
12/24/2009,09:36 AM,First Quarter,2,2009-12-24 09:36:00,1261676160,"December 24, 2009"
12/31/2009,11:13 AM,Full Moon,3,2009-12-31 11:13:00,1262286780,"December 31, 2009"
01/07/2010,02:39 AM,Last Quarter,4,2010-01-07 02:39:00,1262860740,"January 7, 2010"
01/14/2010,11:11 PM,New Moon,1,2010-01-14 23:11:00,1263539460,"January 14, 2010"
01/23/2010,02:53 AM,First Quarter,2,2010-01-23 02:53:00,1264243980,"January 23, 2010"
01/29/2010,10:18 PM,Full Moon,3,2010-01-29 22:18:00,1264832280,"January 29, 2010"
02/05/2010,03:48 PM,Last Quarter,4,2010-02-05 15:48:00,1265413680,"February 5, 2010"
02/13/2010,06:51 PM,New Moon,1,2010-02-13 18:51:00,1266115860,"February 13, 2010"
02/21/2010,04:42 PM,First Quarter,2,2010-02-21 16:42:00,1266799320,"February 21, 2010"
02/28/2010,08:38 AM,Full Moon,3,2010-02-28 08:38:00,1267375080,"February 28, 2010"
03/07/2010,07:42 AM,Last Quarter,4,2010-03-07 07:42:00,1267976520,"March 7, 2010"
03/15/2010,02:01 PM,New Moon,1,2010-03-15 14:01:00,1268686860,"March 15, 2010"
03/23/2010,04:00 AM,First Quarter,2,2010-03-23 04:00:00,1269342000,"March 23, 2010"
03/29/2010,07:25 PM,Full Moon,3,2010-03-29 19:25:00,1269915900,"March 29, 2010"
04/06/2010,02:37 AM,Last Quarter,4,2010-04-06 02:37:00,1270546620,"April 6, 2010"
04/14/2010,05:29 AM,New Moon,1,2010-04-14 05:29:00,1271248140,"April 14, 2010"
04/21/2010,11:20 AM,First Quarter,2,2010-04-21 11:20:00,1271874000,"April 21, 2010"
04/28/2010,05:18 AM,Full Moon,3,2010-04-28 05:18:00,1272457080,"April 28, 2010"
05/05/2010,09:15 PM,Last Quarter,4,2010-05-05 21:15:00,1273119300,"May 5, 2010"
05/13/2010,06:04 PM,New Moon,1,2010-05-13 18:04:00,1273799040,"May 13, 2010"
05/20/2010,04:43 PM,First Quarter,2,2010-05-20 16:43:00,1274398980,"May 20, 2010"
05/27/2010,04:07 PM,Full Moon,3,2010-05-27 16:07:00,1275001620,"May 27, 2010"
06/04/2010,03:13 PM,Last Quarter,4,2010-06-04 15:13:00,1275689580,"June 4, 2010"
06/12/2010,04:15 AM,New Moon,1,2010-06-12 04:15:00,1276341300,"June 12, 2010"
06/18/2010,09:29 PM,First Quarter,2,2010-06-18 21:29:00,1276921740,"June 18, 2010"
06/26/2010,04:30 AM,Full Moon,3,2010-06-26 04:30:00,1277551800,"June 26, 2010"
07/04/2010,07:35 AM,Last Quarter,4,2010-07-04 07:35:00,1278254100,"July 4, 2010"
07/11/2010,12:40 PM,New Moon,1,2010-07-11 12:40:00,1278877200,"July 11, 2010"
07/18/2010,03:10 AM,First Quarter,2,2010-07-18 03:10:00,1279447800,"July 18, 2010"
07/25/2010,06:36 PM,Full Moon,3,2010-07-25 18:36:00,1280108160,"July 25, 2010"
08/02/2010,09:59 PM,Last Quarter,4,2010-08-02 21:59:00,1280811540,"August 2, 2010"
08/09/2010,08:08 PM,New Moon,1,2010-08-09 20:08:00,1281409680,"August 9, 2010"
08/16/2010,11:14 AM,First Quarter,2,2010-08-16 11:14:00,1281982440,"August 16, 2010"
08/24/2010,10:05 AM,Full Moon,3,2010-08-24 10:05:00,1282669500,"August 24, 2010"
09/01/2010,10:22 AM,Last Quarter,4,2010-09-01 10:22:00,1283361720,"September 1, 2010"
09/08/2010,03:30 AM,New Moon,1,2010-09-08 03:30:00,1283941800,"September 8, 2010"
09/14/2010,10:50 PM,First Quarter,2,2010-09-14 22:50:00,1284529800,"September 14, 2010"
09/23/2010,02:17 AM,Full Moon,3,2010-09-23 02:17:00,1285233420,"September 23, 2010"
09/30/2010,08:52 PM,Last Quarter,4,2010-09-30 20:52:00,1285905120,"September 30, 2010"
10/07/2010,11:44 AM,New Moon,1,2010-10-07 11:44:00,1286477040,"October 7, 2010"
10/14/2010,02:27 PM,First Quarter,2,2010-10-14 14:27:00,1287091620,"October 14, 2010"
10/22/2010,06:36 PM,Full Moon,3,2010-10-22 18:36:00,1287797760,"October 22, 2010"
10/30/2010,05:46 AM,Last Quarter,4,2010-10-30 05:46:00,1288442760,"October 30, 2010"
11/05/2010,09:52 PM,New Moon,1,2010-11-05 21:52:00,1289019120,"November 5, 2010"
11/13/2010,08:39 AM,First Quarter,2,2010-11-13 08:39:00,1289666340,"November 13, 2010"
11/21/2010,09:27 AM,Full Moon,3,2010-11-21 09:27:00,1290360420,"November 21, 2010"
11/28/2010,12:36 PM,Last Quarter,4,2010-11-28 12:36:00,1290976560,"November 28, 2010"
12/05/2010,09:36 AM,New Moon,1,2010-12-05 09:36:00,1291570560,"December 5, 2010"
12/13/2010,05:59 AM,First Quarter,2,2010-12-13 05:59:00,1292248740,"December 13, 2010"
12/21/2010,12:13 AM,Full Moon,3,2010-12-21 00:13:00,1292919180,"December 21, 2010"
12/27/2010,08:18 PM,Last Quarter,4,2010-12-27 20:18:00,1293509880,"December 27, 2010"
01/04/2011,01:03 AM,New Moon,1,2011-01-04 01:03:00,1294131780,"January 4, 2011"
01/12/2011,03:31 AM,First Quarter,2,2011-01-12 03:31:00,1294831860,"January 12, 2011"
01/19/2011,01:21 PM,Full Moon,3,2011-01-19 13:21:00,1295472060,"January 19, 2011"
01/26/2011,04:57 AM,Last Quarter,4,2011-01-26 04:57:00,1296046620,"January 26, 2011"
02/02/2011,06:31 PM,New Moon,1,2011-02-02 18:31:00,1296700260,"February 2, 2011"
02/10/2011,11:18 PM,First Quarter,2,2011-02-10 23:18:00,1297408680,"February 10, 2011"
02/18/2011,12:36 AM,Full Moon,3,2011-02-18 00:36:00,1298018160,"February 18, 2011"
02/24/2011,03:26 PM,Last Quarter,4,2011-02-24 15:26:00,1298589960,"February 24, 2011"
03/04/2011,12:46 PM,New Moon,1,2011-03-04 12:46:00,1299271560,"March 4, 2011"
03/12/2011,03:45 PM,First Quarter,2,2011-03-12 15:45:00,1299973500,"March 12, 2011"
03/19/2011,11:10 AM,Full Moon,3,2011-03-19 11:10:00,1300558200,"March 19, 2011"
03/26/2011,05:07 AM,Last Quarter,4,2011-03-26 05:07:00,1301141220,"March 26, 2011"
04/03/2011,07:32 AM,New Moon,1,2011-04-03 07:32:00,1301841120,"April 3, 2011"
04/11/2011,05:05 AM,First Quarter,2,2011-04-11 05:05:00,1302523500,"April 11, 2011"
04/17/2011,07:44 PM,Full Moon,3,2011-04-17 19:44:00,1303094640,"April 17, 2011"
04/24/2011,07:47 PM,Last Quarter,4,2011-04-24 19:47:00,1303699620,"April 24, 2011"
05/02/2011,11:51 PM,New Moon,1,2011-05-02 23:51:00,1304405460,"May 2, 2011"
05/10/2011,01:33 PM,First Quarter,2,2011-05-10 13:33:00,1305059580,"May 10, 2011"
05/17/2011,04:09 AM,Full Moon,3,2011-05-17 04:09:00,1305630540,"May 17, 2011"
05/24/2011,11:52 AM,Last Quarter,4,2011-05-24 11:52:00,1306263120,"May 24, 2011"
06/01/2011,02:03 PM,New Moon,1,2011-06-01 14:03:00,1306962180,"June 1, 2011"
06/08/2011,07:11 PM,First Quarter,2,2011-06-08 19:11:00,1307585460,"June 8, 2011"
06/15/2011,01:14 PM,Full Moon,3,2011-06-15 13:14:00,1308168840,"June 15, 2011"
06/23/2011,04:48 AM,Last Quarter,4,2011-06-23 04:48:00,1308829680,"June 23, 2011"
07/01/2011,01:54 AM,New Moon,1,2011-07-01 01:54:00,1309510440,"July 1, 2011"
07/07/2011,11:29 PM,First Quarter,2,2011-07-07 23:29:00,1310106540,"July 7, 2011"
07/14/2011,11:40 PM,Full Moon,3,2011-07-14 23:40:00,1310712000,"July 14, 2011"
07/22/2011,10:02 PM,Last Quarter,4,2011-07-22 22:02:00,1311397320,"July 22, 2011"
07/30/2011,11:40 AM,New Moon,1,2011-07-30 11:40:00,1312051200,"July 30, 2011"
08/06/2011,04:08 AM,First Quarter,2,2011-08-06 04:08:00,1312628880,"August 6, 2011"
08/13/2011,11:57 AM,Full Moon,3,2011-08-13 11:57:00,1313261820,"August 13, 2011"
08/21/2011,02:54 PM,Last Quarter,4,2011-08-21 14:54:00,1313963640,"August 21, 2011"
08/28/2011,08:04 PM,New Moon,1,2011-08-28 20:04:00,1314587040,"August 28, 2011"
09/04/2011,10:39 AM,First Quarter,2,2011-09-04 10:39:00,1315157940,"September 4, 2011"
09/12/2011,02:27 AM,Full Moon,3,2011-09-12 02:27:00,1315819620,"September 12, 2011"
09/20/2011,06:39 AM,Last Quarter,4,2011-09-20 06:39:00,1316525940,"September 20, 2011"
09/27/2011,04:09 AM,New Moon,1,2011-09-27 04:09:00,1317121740,"September 27, 2011"
10/03/2011,08:15 PM,First Quarter,2,2011-10-03 20:15:00,1317698100,"October 3, 2011"
10/11/2011,07:06 PM,Full Moon,3,2011-10-11 19:06:00,1318385160,"October 11, 2011"
10/19/2011,08:30 PM,Last Quarter,4,2011-10-19 20:30:00,1319081400,"October 19, 2011"
10/26/2011,12:56 PM,New Moon,1,2011-10-26 12:56:00,1319658960,"October 26, 2011"
11/02/2011,09:38 AM,First Quarter,2,2011-11-02 09:38:00,1320251880,"November 2, 2011"
11/10/2011,12:16 PM,Full Moon,3,2011-11-10 12:16:00,1320956160,"November 10, 2011"
11/18/2011,07:09 AM,Last Quarter,4,2011-11-18 07:09:00,1321628940,"November 18, 2011"
11/24/2011,10:10 PM,New Moon,1,2011-11-24 22:10:00,1322201400,"November 24, 2011"
12/02/2011,01:52 AM,First Quarter,2,2011-12-02 01:52:00,1322819520,"December 2, 2011"
12/10/2011,06:36 AM,Full Moon,3,2011-12-10 06:36:00,1323527760,"December 10, 2011"
12/17/2011,04:48 PM,Last Quarter,4,2011-12-17 16:48:00,1324169280,"December 17, 2011"
12/24/2011,10:06 AM,New Moon,1,2011-12-24 10:06:00,1324749960,"December 24, 2011"
12/31/2011,10:15 PM,First Quarter,2,2011-12-31 22:15:00,1325398500,"December 31, 2011"
01/08/2012,11:30 PM,Full Moon,3,2012-01-08 23:30:00,1326094200,"January 8, 2012"
01/16/2012,01:08 AM,Last Quarter,4,2012-01-16 01:08:00,1326704880,"January 16, 2012"
01/22/2012,11:39 PM,New Moon,1,2012-01-22 23:39:00,1327304340,"January 22, 2012"
01/30/2012,08:10 PM,First Quarter,2,2012-01-30 20:10:00,1327983000,"January 30, 2012"
02/07/2012,01:54 PM,Full Moon,3,2012-02-07 13:54:00,1328651640,"February 7, 2012"
02/14/2012,09:04 AM,Last Quarter,4,2012-02-14 09:04:00,1329239040,"February 14, 2012"
02/21/2012,02:35 PM,New Moon,1,2012-02-21 14:35:00,1329863700,"February 21, 2012"
02/29/2012,05:21 PM,First Quarter,2,2012-02-29 17:21:00,1330564860,"February 29, 2012"
03/08/2012,01:39 AM,Full Moon,3,2012-03-08 01:39:00,1331199540,"March 8, 2012"
03/14/2012,06:25 PM,Last Quarter,4,2012-03-14 18:25:00,1331774700,"March 14, 2012"
03/22/2012,07:37 AM,New Moon,1,2012-03-22 07:37:00,1332427020,"March 22, 2012"
03/30/2012,12:41 PM,First Quarter,2,2012-03-30 12:41:00,1333136460,"March 30, 2012"
04/06/2012,12:19 PM,Full Moon,3,2012-04-06 12:19:00,1333739940,"April 6, 2012"
04/13/2012,03:50 AM,Last Quarter,4,2012-04-13 03:50:00,1334314200,"April 13, 2012"
04/21/2012,12:18 AM,New Moon,1,2012-04-21 00:18:00,1334992680,"April 21, 2012"
04/29/2012,02:57 AM,First Quarter,2,2012-04-29 02:57:00,1335693420,"April 29, 2012"
05/05/2012,08:35 PM,Full Moon,3,2012-05-05 20:35:00,1336275300,"May 5, 2012"
05/12/2012,02:47 PM,Last Quarter,4,2012-05-12 14:47:00,1336859220,"May 12, 2012"
05/20/2012,04:47 PM,New Moon,1,2012-05-20 16:47:00,1337557620,"May 20, 2012"
05/28/2012,01:16 PM,First Quarter,2,2012-05-28 13:16:00,1338236160,"May 28, 2012"
06/04/2012,04:12 AM,Full Moon,3,2012-06-04 04:12:00,1338808320,"June 4, 2012"
06/11/2012,03:41 AM,Last Quarter,4,2012-06-11 03:41:00,1339411260,"June 11, 2012"
06/19/2012,08:02 AM,New Moon,1,2012-06-19 08:02:00,1340118120,"June 19, 2012"
06/26/2012,08:30 PM,First Quarter,2,2012-06-26 20:30:00,1340767800,"June 26, 2012"
07/03/2012,11:52 AM,Full Moon,3,2012-07-03 11:52:00,1341341520,"July 3, 2012"
07/10/2012,06:48 PM,Last Quarter,4,2012-07-10 18:48:00,1341971280,"July 10, 2012"
07/18/2012,09:24 PM,New Moon,1,2012-07-18 21:24:00,1342671840,"July 18, 2012"
07/26/2012,01:56 AM,First Quarter,2,2012-07-26 01:56:00,1343292960,"July 26, 2012"
08/01/2012,08:27 PM,Full Moon,3,2012-08-01 20:27:00,1343878020,"August 1, 2012"
08/09/2012,11:55 AM,Last Quarter,4,2012-08-09 11:55:00,1344538500,"August 9, 2012"
08/17/2012,08:54 AM,New Moon,1,2012-08-17 08:54:00,1345218840,"August 17, 2012"
08/24/2012,06:54 AM,First Quarter,2,2012-08-24 06:54:00,1345816440,"August 24, 2012"
08/31/2012,06:58 AM,Full Moon,3,2012-08-31 06:58:00,1346421480,"August 31, 2012"
09/08/2012,06:15 AM,Last Quarter,4,2012-09-08 06:15:00,1347110100,"September 8, 2012"
09/15/2012,07:11 PM,New Moon,1,2012-09-15 19:11:00,1347761460,"September 15, 2012"
09/22/2012,12:41 PM,First Quarter,2,2012-09-22 12:41:00,1348342860,"September 22, 2012"
09/29/2012,08:19 PM,Full Moon,3,2012-09-29 20:19:00,1348975140,"September 29, 2012"
10/08/2012,12:33 AM,Last Quarter,4,2012-10-08 00:33:00,1349681580,"October 8, 2012"
10/15/2012,05:02 AM,New Moon,1,2012-10-15 05:02:00,1350302520,"October 15, 2012"
10/21/2012,08:32 PM,First Quarter,2,2012-10-21 20:32:00,1350876720,"October 21, 2012"
10/29/2012,12:49 PM,Full Moon,3,2012-10-29 12:49:00,1351540140,"October 29, 2012"
11/06/2012,04:36 PM,Last Quarter,4,2012-11-06 16:36:00,1352248560,"November 6, 2012"
11/13/2012,02:08 PM,New Moon,1,2012-11-13 14:08:00,1352844480,"November 13, 2012"
11/20/2012,06:31 AM,First Quarter,2,2012-11-20 06:31:00,1353421860,"November 20, 2012"
11/28/2012,06:46 AM,Full Moon,3,2012-11-28 06:46:00,1354113960,"November 28, 2012"
12/06/2012,07:31 AM,Last Quarter,4,2012-12-06 07:31:00,1354807860,"December 6, 2012"
12/13/2012,12:42 AM,New Moon,1,2012-12-13 00:42:00,1355388120,"December 13, 2012"
12/19/2012,09:19 PM,First Quarter,2,2012-12-19 21:19:00,1355980740,"December 19, 2012"
12/28/2012,02:21 AM,Full Moon,3,2012-12-28 02:21:00,1356690060,"December 28, 2012"
01/04/2013,07:58 PM,Last Quarter,4,2013-01-04 19:58:00,1357358280,"January 4, 2013"
01/11/2013,11:44 AM,New Moon,1,2013-01-11 11:44:00,1357933440,"January 11, 2013"
01/18/2013,03:45 PM,First Quarter,2,2013-01-18 15:45:00,1358552700,"January 18, 2013"
01/26/2013,08:38 PM,Full Moon,3,2013-01-26 20:38:00,1359261480,"January 26, 2013"
02/03/2013,05:56 AM,Last Quarter,4,2013-02-03 05:56:00,1359899760,"February 3, 2013"
02/09/2013,11:20 PM,New Moon,1,2013-02-09 23:20:00,1360480800,"February 9, 2013"
02/17/2013,12:31 PM,First Quarter,2,2013-02-17 12:31:00,1361133060,"February 17, 2013"
02/25/2013,12:26 PM,Full Moon,3,2013-02-25 12:26:00,1361823960,"February 25, 2013"
03/04/2013,01:53 PM,Last Quarter,4,2013-03-04 13:53:00,1362433980,"March 4, 2013"
03/11/2013,12:51 PM,New Moon,1,2013-03-11 12:51:00,1363031460,"March 11, 2013"
03/19/2013,10:27 AM,First Quarter,2,2013-03-19 10:27:00,1363714020,"March 19, 2013"
03/27/2013,02:27 AM,Full Moon,3,2013-03-27 02:27:00,1364376420,"March 27, 2013"
04/02/2013,09:36 PM,Last Quarter,4,2013-04-02 21:36:00,1364963760,"April 2, 2013"
04/10/2013,02:35 AM,New Moon,1,2013-04-10 02:35:00,1365586500,"April 10, 2013"
04/18/2013,05:31 AM,First Quarter,2,2013-04-18 05:31:00,1366288260,"April 18, 2013"
04/25/2013,12:57 PM,Full Moon,3,2013-04-25 12:57:00,1366919820,"April 25, 2013"
05/02/2013,04:14 AM,Last Quarter,4,2013-05-02 04:14:00,1367493240,"May 2, 2013"
05/09/2013,05:28 PM,New Moon,1,2013-05-09 17:28:00,1368145680,"May 9, 2013"
05/17/2013,09:34 PM,First Quarter,2,2013-05-17 21:34:00,1368851640,"May 17, 2013"
05/24/2013,09:25 PM,Full Moon,3,2013-05-24 21:25:00,1369455900,"May 24, 2013"
05/31/2013,11:58 AM,Last Quarter,4,2013-05-31 11:58:00,1370026680,"May 31, 2013"
06/08/2013,08:56 AM,New Moon,1,2013-06-08 08:56:00,1370706960,"June 8, 2013"
06/16/2013,10:24 AM,First Quarter,2,2013-06-16 10:24:00,1371403440,"June 16, 2013"
06/23/2013,04:32 AM,Full Moon,3,2013-06-23 04:32:00,1371987120,"June 23, 2013"
06/29/2013,09:53 PM,Last Quarter,4,2013-06-29 21:53:00,1372567980,"June 29, 2013"
07/08/2013,12:14 AM,New Moon,1,2013-07-08 00:14:00,1373267640,"July 8, 2013"
07/15/2013,08:18 PM,First Quarter,2,2013-07-15 20:18:00,1373944680,"July 15, 2013"
07/22/2013,11:15 AM,Full Moon,3,2013-07-22 11:15:00,1374516900,"July 22, 2013"
07/29/2013,10:43 AM,Last Quarter,4,2013-07-29 10:43:00,1375119780,"July 29, 2013"
08/06/2013,02:51 PM,New Moon,1,2013-08-06 14:51:00,1375825860,"August 6, 2013"
08/14/2013,03:56 AM,First Quarter,2,2013-08-14 03:56:00,1376477760,"August 14, 2013"
08/20/2013,06:45 PM,Full Moon,3,2013-08-20 18:45:00,1377049500,"August 20, 2013"
08/28/2013,02:35 AM,Last Quarter,4,2013-08-28 02:35:00,1377682500,"August 28, 2013"
09/05/2013,04:36 AM,New Moon,1,2013-09-05 04:36:00,1378380960,"September 5, 2013"
09/12/2013,10:08 AM,First Quarter,2,2013-09-12 10:08:00,1379005680,"September 12, 2013"
09/19/2013,04:13 AM,Full Moon,3,2013-09-19 04:13:00,1379589180,"September 19, 2013"
09/26/2013,08:55 PM,Last Quarter,4,2013-09-26 20:55:00,1380254100,"September 26, 2013"
10/04/2013,05:34 PM,New Moon,1,2013-10-04 17:34:00,1380933240,"October 4, 2013"
10/11/2013,04:02 PM,First Quarter,2,2013-10-11 16:02:00,1381532520,"October 11, 2013"
10/18/2013,04:38 PM,Full Moon,3,2013-10-18 16:38:00,1382139480,"October 18, 2013"
10/26/2013,04:40 PM,Last Quarter,4,2013-10-26 16:40:00,1382830800,"October 26, 2013"
11/03/2013,04:50 AM,New Moon,1,2013-11-03 04:50:00,1383483000,"November 3, 2013"
11/09/2013,09:57 PM,First Quarter,2,2013-11-09 21:57:00,1384063020,"November 9, 2013"
11/17/2013,07:16 AM,Full Moon,3,2013-11-17 07:16:00,1384701360,"November 17, 2013"
11/25/2013,11:28 AM,Last Quarter,4,2013-11-25 11:28:00,1385407680,"November 25, 2013"
12/02/2013,04:22 PM,New Moon,1,2013-12-02 16:22:00,1386030120,"December 2, 2013"
12/09/2013,07:12 AM,First Quarter,2,2013-12-09 07:12:00,1386601920,"December 9, 2013"
12/17/2013,01:28 AM,Full Moon,3,2013-12-17 01:28:00,1387272480,"December 17, 2013"
12/25/2013,05:48 AM,Last Quarter,4,2013-12-25 05:48:00,1387979280,"December 25, 2013"
01/01/2014,03:14 AM,New Moon,1,2014-01-01 03:14:00,1388574840,"January 1, 2014"
01/07/2014,07:39 PM,First Quarter,2,2014-01-07 19:39:00,1389152340,"January 7, 2014"
01/15/2014,08:52 PM,Full Moon,3,2014-01-15 20:52:00,1389847920,"January 15, 2014"
01/23/2014,09:20 PM,Last Quarter,4,2014-01-23 21:20:00,1390540800,"January 23, 2014"
01/30/2014,01:38 PM,New Moon,1,2014-01-30 13:38:00,1391117880,"January 30, 2014"
02/06/2014,11:22 AM,First Quarter,2,2014-02-06 11:22:00,1391714520,"February 6, 2014"
02/14/2014,03:53 PM,Full Moon,3,2014-02-14 15:53:00,1392421980,"February 14, 2014"
02/22/2014,09:15 AM,Last Quarter,4,2014-02-22 09:15:00,1393089300,"February 22, 2014"
03/01/2014,12:00 AM,New Moon,1,2014-03-01 00:00:00,1393660800,"March 1, 2014"
03/08/2014,05:27 AM,First Quarter,2,2014-03-08 05:27:00,1394285220,"March 8, 2014"
03/16/2014,10:08 AM,Full Moon,3,2014-03-16 10:08:00,1394989680,"March 16, 2014"
03/23/2014,06:46 PM,Last Quarter,4,2014-03-23 18:46:00,1395625560,"March 23, 2014"
03/30/2014,11:45 AM,New Moon,1,2014-03-30 11:45:00,1396205100,"March 30, 2014"
04/07/2014,01:31 AM,First Quarter,2,2014-04-07 01:31:00,1396859460,"April 7, 2014"
04/15/2014,12:42 AM,Full Moon,3,2014-04-15 00:42:00,1397547720,"April 15, 2014"
04/22/2014,12:52 AM,Last Quarter,4,2014-04-22 00:52:00,1398153120,"April 22, 2014"
04/28/2014,11:14 PM,New Moon,1,2014-04-28 23:14:00,1398752040,"April 28, 2014"
05/06/2014,08:15 PM,First Quarter,2,2014-05-06 20:15:00,1399432500,"May 6, 2014"
05/14/2014,12:16 PM,Full Moon,3,2014-05-14 12:16:00,1400094960,"May 14, 2014"
05/21/2014,05:59 AM,Last Quarter,4,2014-05-21 05:59:00,1400677140,"May 21, 2014"
05/28/2014,11:40 AM,New Moon,1,2014-05-28 11:40:00,1401302400,"May 28, 2014"
06/05/2014,01:39 PM,First Quarter,2,2014-06-05 13:39:00,1402000740,"June 5, 2014"
06/12/2014,09:11 PM,Full Moon,3,2014-06-12 21:11:00,1402632660,"June 12, 2014"
06/19/2014,11:39 AM,Last Quarter,4,2014-06-19 11:39:00,1403203140,"June 19, 2014"
06/27/2014,01:08 AM,New Moon,1,2014-06-27 01:08:00,1403856480,"June 27, 2014"
07/05/2014,04:59 AM,First Quarter,2,2014-07-05 04:59:00,1404561540,"July 5, 2014"
07/12/2014,04:25 AM,Full Moon,3,2014-07-12 04:25:00,1405164300,"July 12, 2014"
07/18/2014,07:08 PM,Last Quarter,4,2014-07-18 19:08:00,1405735680,"July 18, 2014"
07/26/2014,03:42 PM,New Moon,1,2014-07-26 15:42:00,1406414520,"July 26, 2014"
08/03/2014,05:50 PM,First Quarter,2,2014-08-03 17:50:00,1407113400,"August 3, 2014"
08/10/2014,11:09 AM,Full Moon,3,2014-08-10 11:09:00,1407694140,"August 10, 2014"
08/17/2014,05:26 AM,Last Quarter,4,2014-08-17 05:26:00,1408278360,"August 17, 2014"
08/25/2014,07:13 AM,New Moon,1,2014-08-25 07:13:00,1408975980,"August 25, 2014"
09/02/2014,04:11 AM,First Quarter,2,2014-09-02 04:11:00,1409656260,"September 2, 2014"
09/08/2014,06:38 PM,Full Moon,3,2014-09-08 18:38:00,1410226680,"September 8, 2014"
09/15/2014,07:05 PM,Last Quarter,4,2014-09-15 19:05:00,1410833100,"September 15, 2014"
09/23/2014,11:14 PM,New Moon,1,2014-09-23 23:14:00,1411539240,"September 23, 2014"
10/01/2014,12:32 PM,First Quarter,2,2014-10-01 12:32:00,1412191920,"October 1, 2014"
10/08/2014,03:51 AM,Full Moon,3,2014-10-08 03:51:00,1412765460,"October 8, 2014"
10/15/2014,12:12 PM,Last Quarter,4,2014-10-15 12:12:00,1413400320,"October 15, 2014"
10/23/2014,02:57 PM,New Moon,1,2014-10-23 14:57:00,1414101420,"October 23, 2014"
10/30/2014,07:48 PM,First Quarter,2,2014-10-30 19:48:00,1414723680,"October 30, 2014"
11/06/2014,02:23 PM,Full Moon,3,2014-11-06 14:23:00,1415312580,"November 6, 2014"
11/14/2014,07:15 AM,Last Quarter,4,2014-11-14 07:15:00,1415978100,"November 14, 2014"
11/22/2014,04:32 AM,New Moon,1,2014-11-22 04:32:00,1416659520,"November 22, 2014"
11/29/2014,02:06 AM,First Quarter,2,2014-11-29 02:06:00,1417255560,"November 29, 2014"
12/06/2014,04:27 AM,Full Moon,3,2014-12-06 04:27:00,1417868820,"December 6, 2014"
12/14/2014,04:51 AM,Last Quarter,4,2014-12-14 04:51:00,1418561460,"December 14, 2014"
12/21/2014,05:36 PM,New Moon,1,2014-12-21 17:36:00,1419212160,"December 21, 2014"
12/28/2014,10:31 AM,First Quarter,2,2014-12-28 10:31:00,1419791460,"December 28, 2014"
01/04/2015,08:53 PM,Full Moon,3,2015-01-04 20:53:00,1420433580,"January 4, 2015"
01/13/2015,01:46 AM,Last Quarter,4,2015-01-13 01:46:00,1421142360,"January 13, 2015"
01/20/2015,05:14 AM,New Moon,1,2015-01-20 05:14:00,1421759640,"January 20, 2015"
01/26/2015,08:48 PM,First Quarter,2,2015-01-26 20:48:00,1422334080,"January 26, 2015"
02/03/2015,03:09 PM,Full Moon,3,2015-02-03 15:09:00,1423004940,"February 3, 2015"
02/11/2015,07:50 PM,Last Quarter,4,2015-02-11 19:50:00,1423713000,"February 11, 2015"
02/18/2015,03:47 PM,New Moon,1,2015-02-18 15:47:00,1424303220,"February 18, 2015"
02/25/2015,09:14 AM,First Quarter,2,2015-02-25 09:14:00,1424884440,"February 25, 2015"
03/05/2015,10:05 AM,Full Moon,3,2015-03-05 10:05:00,1425578700,"March 5, 2015"
03/13/2015,10:48 AM,Last Quarter,4,2015-03-13 10:48:00,1426268880,"March 13, 2015"
03/20/2015,02:36 AM,New Moon,1,2015-03-20 02:36:00,1426844160,"March 20, 2015"
03/27/2015,12:43 AM,First Quarter,2,2015-03-27 00:43:00,1427442180,"March 27, 2015"
04/04/2015,05:05 AM,Full Moon,3,2015-04-04 05:05:00,1428149100,"April 4, 2015"
04/11/2015,08:44 PM,Last Quarter,4,2015-04-11 20:44:00,1428810240,"April 11, 2015"
04/18/2015,11:57 AM,New Moon,1,2015-04-18 11:57:00,1429383420,"April 18, 2015"
04/25/2015,04:55 PM,First Quarter,2,2015-04-25 16:55:00,1430006100,"April 25, 2015"
05/03/2015,08:42 PM,Full Moon,3,2015-05-03 20:42:00,1430710920,"May 3, 2015"
05/11/2015,03:36 AM,Last Quarter,4,2015-05-11 03:36:00,1431340560,"May 11, 2015"
05/17/2015,09:13 PM,New Moon,1,2015-05-17 21:13:00,1431922380,"May 17, 2015"
05/25/2015,10:19 AM,First Quarter,2,2015-05-25 10:19:00,1432574340,"May 25, 2015"
06/02/2015,09:19 AM,Full Moon,3,2015-06-02 09:19:00,1433261940,"June 2, 2015"
06/09/2015,08:42 AM,Last Quarter,4,2015-06-09 08:42:00,1433864520,"June 9, 2015"
06/16/2015,07:05 AM,New Moon,1,2015-06-16 07:05:00,1434463500,"June 16, 2015"
06/24/2015,04:02 AM,First Quarter,2,2015-06-24 04:02:00,1435143720,"June 24, 2015"
07/01/2015,07:20 PM,Full Moon,3,2015-07-01 19:20:00,1435803600,"July 1, 2015"
07/08/2015,01:24 PM,Last Quarter,4,2015-07-08 13:24:00,1436387040,"July 8, 2015"
07/15/2015,06:24 PM,New Moon,1,2015-07-15 18:24:00,1437009840,"July 15, 2015"
07/23/2015,09:04 PM,First Quarter,2,2015-07-23 21:04:00,1437710640,"July 23, 2015"
07/31/2015,03:43 AM,Full Moon,3,2015-07-31 03:43:00,1438339380,"July 31, 2015"
08/06/2015,07:03 PM,Last Quarter,4,2015-08-06 19:03:00,1438912980,"August 6, 2015"
08/14/2015,07:53 AM,New Moon,1,2015-08-14 07:53:00,1439563980,"August 14, 2015"
08/22/2015,12:31 PM,First Quarter,2,2015-08-22 12:31:00,1440271860,"August 22, 2015"
08/29/2015,11:35 AM,Full Moon,3,2015-08-29 11:35:00,1440873300,"August 29, 2015"
09/05/2015,02:54 AM,Last Quarter,4,2015-09-05 02:54:00,1441446840,"September 5, 2015"
09/12/2015,11:41 PM,New Moon,1,2015-09-12 23:41:00,1442126460,"September 12, 2015"
09/21/2015,01:59 AM,First Quarter,2,2015-09-21 01:59:00,1442825940,"September 21, 2015"
09/27/2015,07:50 PM,Full Moon,3,2015-09-27 19:50:00,1443408600,"September 27, 2015"
10/04/2015,02:06 PM,Last Quarter,4,2015-10-04 14:06:00,1443992760,"October 4, 2015"
10/12/2015,05:06 PM,New Moon,1,2015-10-12 17:06:00,1444694760,"October 12, 2015"
10/20/2015,01:31 PM,First Quarter,2,2015-10-20 13:31:00,1445373060,"October 20, 2015"
10/27/2015,05:05 AM,Full Moon,3,2015-10-27 05:05:00,1445947500,"October 27, 2015"
11/03/2015,04:24 AM,Last Quarter,4,2015-11-03 04:24:00,1446553440,"November 3, 2015"
11/11/2015,09:47 AM,New Moon,1,2015-11-11 09:47:00,1447264020,"November 11, 2015"
11/18/2015,10:27 PM,First Quarter,2,2015-11-18 22:27:00,1447914420,"November 18, 2015"
11/25/2015,02:44 PM,Full Moon,3,2015-11-25 14:44:00,1448491440,"November 25, 2015"
12/02/2015,11:40 PM,Last Quarter,4,2015-12-02 23:40:00,1449128400,"December 2, 2015"
12/11/2015,02:29 AM,New Moon,1,2015-12-11 02:29:00,1449829740,"December 11, 2015"
12/18/2015,07:14 AM,First Quarter,2,2015-12-18 07:14:00,1450451640,"December 18, 2015"
12/25/2015,03:11 AM,Full Moon,3,2015-12-25 03:11:00,1451041860,"December 25, 2015"
